link,desc,price
https://www.tokopedia.com/p/ibu-bayi/baju-sepatu-bayi?q=set&ob=8,Baju Bayi Matching,Rp 15rb
https://www.tokopedia.com/hot/iphone-8-plus,iPhone 8 Plus,Rp 17.5jt
https://www.tokopedia.com/hot/iphone-8,iPhone 8,Rp 16jt
https://www.tokopedia.com/hot/tupperware-summer-fresh,Tupperware Summer Fresh,Rp 30rb
https://www.tokopedia.com/hot/sepatu-anak-zaman-sekarang,Sepatu Anak Zaman Sekarang,Rp 75rb
https://www.tokopedia.com/hot/sepatu-vincci,Sepatu Vincci,Rp 150rb
https://www.tokopedia.com/hot/kuku-cantik-kekinian,kuku cantik kekinian,Rp 7rb
https://www.tokopedia.com/hot/jilbab-serba-30-ribu,Jilbab Serba 30 Ribu,Rp 30rb
https://www.tokopedia.com/hot/lampu-tidur-bintang,Lampu Tidur Bintang,Rp 22rb
https://www.tokopedia.com/hot/coin-card-holder,Coin & Card Holder,Rp 14rb
https://www.tokopedia.com/hot/belanja-bulanan,Belanja Bulanan,Rp 4rb
https://www.tokopedia.com/p/komputer-aksesoris/peripheral-aksesoris/mouse-keyboard-bundle?pmin=100000&ob=8,Mouse & Keyboard Bundle,Rp 100rb
https://www.tokopedia.com/hot/kulkas-mini,Kulkas Mini,Rp 150rb
https://www.tokopedia.com/hot/dermovate-hijau,Dermovate Hijau,Rp 15rb
https://www.tokopedia.com/hot/jellys-pure-soap,Jellys Pure Soap,Rp 15rb
https://www.tokopedia.com/hot/sneakers-roshe-run,Sneakers Roshe Run,Rp 120rb
https://www.tokopedia.com/hot/alat-cukur-boli,Alat Cukur Boli,Rp 55rb
https://www.tokopedia.com/hot/korean-hand-cream,Korean Hand Cream,Rp 30rb
https://www.tokopedia.com/hot/backpack-rolltop-kekinian,Backpack Rolltop Kekinian,Rp 80rb
https://www.tokopedia.com/hot/organic-skin-care,Organic Skin Care,Rp 25rb
https://www.tokopedia.com/hot/jam-tangan-seiko,Jam Tangan Seiko,Rp 80rb
https://www.tokopedia.com/hot/masker-kaki,Masker Kaki,Rp 10rb
https://www.tokopedia.com/hot/high-end-cosmetics,High End Cosmetics,Rp 100rb
https://www.tokopedia.com/hot/skin-care-travelling,Skin Care Travelling,Rp 7rb
https://www.tokopedia.com/p/ibu-bayi/baju-sepatu-bayi?q=set&ob=8,Baju Bayi Matching,Rp 15rb
https://www.tokopedia.com/hot/iphone-8-plus,iPhone 8 Plus,Rp 17.5jt
https://www.tokopedia.com/hot/iphone-8,iPhone 8,Rp 16jt
https://www.tokopedia.com/hot/tupperware-summer-fresh,Tupperware Summer Fresh,Rp 30rb
https://www.tokopedia.com/hot/sepatu-anak-zaman-sekarang,Sepatu Anak Zaman Sekarang,Rp 75rb
https://www.tokopedia.com/hot/sepatu-vincci,Sepatu Vincci,Rp 150rb
https://www.tokopedia.com/hot/kuku-cantik-kekinian,kuku cantik kekinian,Rp 7rb
https://www.tokopedia.com/hot/jilbab-serba-30-ribu,Jilbab Serba 30 Ribu,Rp 30rb
https://www.tokopedia.com/hot/lampu-tidur-bintang,Lampu Tidur Bintang,Rp 22rb
https://www.tokopedia.com/hot/coin-card-holder,Coin & Card Holder,Rp 14rb
https://www.tokopedia.com/hot/belanja-bulanan,Belanja Bulanan,Rp 4rb
https://www.tokopedia.com/p/komputer-aksesoris/peripheral-aksesoris/mouse-keyboard-bundle?pmin=100000&ob=8,Mouse & Keyboard Bundle,Rp 100rb
https://www.tokopedia.com/hot/kulkas-mini,Kulkas Mini,Rp 150rb
https://www.tokopedia.com/hot/dermovate-hijau,Dermovate Hijau,Rp 15rb
https://www.tokopedia.com/hot/jellys-pure-soap,Jellys Pure Soap,Rp 15rb
https://www.tokopedia.com/hot/sneakers-roshe-run,Sneakers Roshe Run,Rp 120rb
https://www.tokopedia.com/hot/alat-cukur-boli,Alat Cukur Boli,Rp 55rb
https://www.tokopedia.com/hot/korean-hand-cream,Korean Hand Cream,Rp 30rb
https://www.tokopedia.com/hot/backpack-rolltop-kekinian,Backpack Rolltop Kekinian,Rp 80rb
https://www.tokopedia.com/hot/organic-skin-care,Organic Skin Care,Rp 25rb
https://www.tokopedia.com/hot/jam-tangan-seiko,Jam Tangan Seiko,Rp 80rb
https://www.tokopedia.com/hot/masker-kaki,Masker Kaki,Rp 10rb
https://www.tokopedia.com/hot/high-end-cosmetics,High End Cosmetics,Rp 100rb
https://www.tokopedia.com/hot/skin-care-travelling,Skin Care Travelling,Rp 7rb
https://www.tokopedia.com/hot/tv-led-32-inch,TV LED 32 Inch,Rp 1.7jt
https://www.tokopedia.com/hot/produk-pilihan-wanita-modern,Produk Pilihan Wanita Modern,Rp 7rb
https://www.tokopedia.com/hot/produk-dapur-wajib-punya,Produk Dapur Wajib Punya,Rp 10rb
https://www.tokopedia.com/hot/anti-gores-laptop,Anti Gores Laptop,Rp 5rb
https://www.tokopedia.com/hot/kumpulan-produk-unik-wajib-punya,Kumpulan Produk Unik Wajib Punya,Rp 5rb
https://www.tokopedia.com/hot/korean-beauty-trend,Korean Beauty Trend,Rp 5rb
https://www.tokopedia.com/hot/tas-longchamp,Tas Longchamp,Rp 100rb
https://www.tokopedia.com/p/fashion-wanita/pakaian-dalam-wanita?pmax=50000,Underwear Termurah,Rp 7rb
https://www.tokopedia.com/hot/atasan-wanita-di-bawah-100-ribu,Atasan Wanita di Bawah 100 ribu,Rp 35rb
https://www.tokopedia.com/hot/slimming-legging,Slimming Legging,Rp 30rb
https://www.tokopedia.com/hot/whitelight-pemutih-gigi,WhiteLight Pemutih Gigi,Rp 25rb
https://www.tokopedia.com/hot/jam-tangan-pemantau-anak,Jam Tangan Pemantau Anak,Rp 350rb
https://www.tokopedia.com/hot/tas-boneka-lepas-pasang,Tas Boneka Lepas Pasang,Rp 100rb
https://www.tokopedia.com/hot/piyama-tsum-tsum-lucu,Piyama Tsum Tsum Lucu,Rp 40rb
https://www.tokopedia.com/hot/pilihan-kemeja-motif,Pilihan Kemeja Motif,Rp 90rb
https://www.tokopedia.com/hot/jam-tangan-hits-kekinian,Jam Tangan Hits Kekinian,Rp 100rb
https://www.tokopedia.com/hot/chukka-boots,Chukka Boots,Rp 160rb
https://www.tokopedia.com/hot/gelas-keyboard-set,Gelas Keyboard Set,Rp 40rb
https://www.tokopedia.com/hot/aksesoris-jilbab-di-bawah-30-ribu,Aksesoris Jilbab Di Bawah 30 Ribu,Rp 5rb
https://www.tokopedia.com/hot/gamis-set-khimar,Gamis Set Khimar,Rp 75rb
https://www.tokopedia.com/hot/mukena-tatuis,Mukena Tatuis,Rp 200rb
https://www.tokopedia.com/hot/bantal-bayi-anti-peang,Bantal Bayi Anti Peang,Rp 70rb
https://www.tokopedia.com/hot/gamis-pesta,Gamis Pesta,Rp 75rb
https://www.tokopedia.com/hot/hijab-syari,Hijab Syari,Rp 20rb
https://www.tokopedia.com/hot/gamis-busui,Gamis Busui,Rp 50rb
https://www.tokopedia.com/p/ibu-bayi/makanan-susu-bayi/biskuit-bayi?ob=8,Biskuit Bayi,Rp 20rb
https://www.tokopedia.com/hot/pop-chef,Pop Chef,Rp 20rb
https://www.tokopedia.com/hot/rak-piring-2-susun,Rak Piring 2 Susun,Rp 70rb
https://www.tokopedia.com/hot/celana-santai-anak,Celana Santai Anak,Rp 20rb
https://www.tokopedia.com/hot/xiaomi-mi-5x,Xiaomi Mi 5X,Rp 3.1jt
https://www.tokopedia.com/hot/dress-ulang-tahun-anak,Dress Ulang Tahun Anak,Rp 50rb
https://www.tokopedia.com/hot/kapas-vape-cotton-bacon,Kapas Vape Cotton Bacon,Rp 4rb
https://www.tokopedia.com/hot/dress-anak-korea,Dress Anak Korea,Rp 50rb
https://www.tokopedia.com/hot/charger-motor-anti-air,Charger Motor Anti Air,Rp 39rb
https://www.tokopedia.com/hot/asus-zenfone-live,Asus Zenfone Live,Rp 1.6jt
https://www.tokopedia.com/hot/xiaomi-mi-6,Xiaomi Mi 6,Rp 5.3jt
https://www.tokopedia.com/p/fashion-wanita/perhiasan/gelang,Gelang Wanita,Rp 10rb
https://www.tokopedia.com/hot/tupperware-eco-bottle,Tupperware Eco Bottle,Rp 35rb
https://www.tokopedia.com/hot/kaos-polos-new-states-apparel,Kaos Polos New States Apparel,Rp 28rb
https://www.tokopedia.com/hot/tas-laptop-kulit,Tas Laptop Kulit,Rp 45rb
https://www.tokopedia.com/hot/macbook-pro-terlaris,Macbook Pro Terlaris,Rp 7jt
https://www.tokopedia.com/hot/koleksi-laptop-buatan-lokal,Koleksi Laptop Buatan Lokal,Rp 2jt
https://www.tokopedia.com/hot/laptop-gaming,Laptop Gaming,Rp 3.1rb
https://www.tokopedia.com/p/laptop-aksesoris/aksesoris-laptop/spare-part-laptop?q=keyboard&ob=8,Keyboard Laptop Paling Dicari,Rp 13rb
https://www.tokopedia.com/hot/mouse-wireless-slim,Mouse Wireless Slim,Rp 23rb
https://www.tokopedia.com/p/komputer-aksesoris/komponen-komputer/monitor?pmin=400000&ob=8,Monitor,Rp 400rb
https://www.tokopedia.com/hot/grosir-dvd-r-kosong,Grosir DVD-R Kosong,Rp 1.5rb
https://www.tokopedia.com/hot/3d-printer,3D Printer,Rp 2.7jt
https://www.tokopedia.com/hot/laser-pointer,Laser Pointer,Rp 100rb
https://www.tokopedia.com/hot/raspberry-pi-3,Raspberry Pi 3,Rp 300rb
https://www.tokopedia.com/hot/scanner-barcode,Scanner Barcode,Rp 200rb
https://www.tokopedia.com/hot/perlengkapan-baby-spa,Perlengkapan Baby Spa,Rp 10rb
https://www.tokopedia.com/hot/fruit-spons,Fruit Spons,Rp 10rb
https://www.tokopedia.com/hot/lg-q6,LG Q6,Rp 2.9jt
https://www.tokopedia.com/hot/sneakers-retro,Sneakers Retro,Rp 130rb
https://www.tokopedia.com/hot/kotak-makan-sekat,Kotak Makan Sekat,Rp 20rb
https://www.tokopedia.com/hot/jaket-anti-air,Jaket Anti Air,Rp 87rb
https://www.tokopedia.com/hot/serba-buy-1-get-1,Serba Buy 1 Get 1,Rp 5rb
https://www.tokopedia.com/hot/frame-foto-minimalis,Frame Foto Minimalis,Rp 11rb
https://www.tokopedia.com/hot/lampu-hias-warm-white,Lampu Hias Warm White,Rp 25rb
https://www.tokopedia.com/hot/pretty-in-floral,Pretty in Floral,Rp 50rb
https://www.tokopedia.com/hot/snow-white-cream,Snow White Cream,Rp 5rb
https://www.tokopedia.com/hot/jilbab-20-ribuan,Jilbab 20 Ribuan,Rp 15rb
https://www.tokopedia.com/hot/t-shirt-longline,T-Shirt Longline,Rp 54rb
https://www.tokopedia.com/hot/sabuk-tactical-511,Sabuk Tactical 511,Rp 32rb
https://www.tokopedia.com/hot/jaket-kulit-90-ribuan,Jaket Kulit 90 Ribuan,Rp 90rb
https://www.tokopedia.com/hot/kamera-polaroid,Kamera Polaroid,Rp 900rb
https://www.tokopedia.com/hot/scion-roll-on,Scion Roll On,Rp 38rb
https://www.tokopedia.com/hot/etude-ice-cream-tint,Etude Ice Cream Tint,Rp 18rb
https://www.tokopedia.com/hot/the-body-shop-tea-tree,The Body Shop Tea Tree,Rp 10rb
https://www.tokopedia.com/hot/serum-vit-c-collagen,Serum Vit C Collagen,Rp 7rb
https://www.tokopedia.com/hot/secret-key-treatment-essence,Secret Key Treatment Essence,Rp 10rb
